Semester,Year,Month,Day,Day_of_Week,Subject,Start Time,End Time,Hours,Calculated_Hours,Hours_Discrepancy,Student_ID,Attended
Fall 2021,2021,8,26,Thursday,MATH-1242,12:00pm,1:00pm,1,1,FALSE,Student_001,TRUE
Fall 2021,2021,8,26,Thursday,MATH-1241,3:00pm,3:30pm,0.5,0.5,FALSE,Student_002,TRUE
Fall 2021,2021,8,28,Saturday,MATH-1241,2:00pm,3:00pm,1,1,FALSE,Student_003,TRUE
Fall 2021,2021,8,28,Saturday,MATH-1242,3:00pm,4:00pm,1,1,FALSE,Student_004,TRUE
Fall 2021,2021,8,28,Saturday,MATH-1242,4:00pm,5:00pm,1,1,FALSE,Student_005,TRUE
Fall 2021,2021,8,28,Saturday,MATH-2171,5:00pm,6:00pm,1,1,FALSE,Student_006,TRUE
Fall 2021,2021,8,31,Tuesday,MATH-1242,11:00am,12:00pm,1.25,1,TRUE,Student_007,TRUE
Fall 2021,2021,8,31,Tuesday,MATH-1241,12:00pm,1:00pm,1,1,FALSE,Student_008,TRUE
Fall 2021,2021,8,31,Tuesday,MATH-2171,1:00pm,2:00pm,1,1,FALSE,Student_009,TRUE
Fall 2021,2021,8,31,Tuesday,MATH-1241,2:00pm,3:00pm,1,1,FALSE,Student_010,TRUE
Fall 2021,2021,8,31,Tuesday,MATH-2171,3:00pm,4:00pm,1,1,FALSE,Student_011,TRUE
Fall 2021,2021,9,2,Thursday,MATH-1241,12:00pm,1:00pm,1,1,FALSE,Student_012,TRUE
Fall 2021,2021,9,2,Thursday,MATH-1241,1:00pm,2:00pm,1,1,FALSE,Student_013,TRUE
Fall 2021,2021,9,4,Saturday,MATH-1242,2:00pm,3:00pm,1,1,FALSE,Student_014,TRUE
Fall 2021,2021,9,4,Saturday,STAT-1220,3:00pm,4:00pm,1,1,FALSE,Student_015,FALSE
Fall 2021,2021,9,4,Saturday,MATH-1242,4:00pm,5:00pm,1,1,FALSE,Student_016,TRUE
Fall 2021,2021,9,4,Saturday,MATH-2171,5:00pm,6:00pm,1,1,FALSE,Student_006,TRUE
Fall 2021,2021,9,7,Tuesday,ECON-3125,12:00pm,1:00pm,1,1,FALSE,Student_017,TRUE
Fall 2021,2021,9,7,Tuesday,MATH-1242,1:00pm,2:00pm,1,1,FALSE,Student_018,TRUE
Fall 2021,2021,9,7,Tuesday,MATH-2171,2:00pm,3:00pm,1,1,FALSE,Student_009,TRUE
Fall 2021,2021,9,7,Tuesday,STAT-1220,3:00pm,4:00pm,1,1,FALSE,Student_019,TRUE
Fall 2021,2021,9,7,Tuesday,MATH-2171,4:00pm,5:00pm,1,1,FALSE,Student_020,TRUE
Fall 2021,2021,9,9,Thursday,STAT-1220,11:00am,12:00pm,1,1,FALSE,Student_021,TRUE
Fall 2021,2021,9,9,Thursday,STAT-1220,12:00pm,1:00pm,1,1,FALSE,Student_022,FALSE
Fall 2021,2021,9,9,Thursday,MATH-1242,1:00pm,2:00pm,1,1,FALSE,Student_018,TRUE
Fall 2021,2021,9,9,Thursday,MATH-2171,4:00pm,5:00pm,1,1,FALSE,Student_023,TRUE
Fall 2021,2021,9,11,Saturday,MATH-2171,2:00pm,3:00pm,1,1,FALSE,Student_024,TRUE
Fall 2021,2021,9,11,Saturday,MATH-2171,3:00pm,4:00pm,1,1,FALSE,Student_006,TRUE
Fall 2021,2021,9,11,Saturday,STAT-1220,4:00pm,5:00pm,1,1,FALSE,Student_025,TRUE
Fall 2021,2021,9,11,Saturday,MATH-1242,5:00pm,6:00pm,1,1,FALSE,Student_026,TRUE
Fall 2021,2021,9,14,Tuesday,MATH-1241,11:00am,12:00pm,1.25,1,TRUE,Student_027,TRUE
Fall 2021,2021,9,14,Tuesday,ECON-3125,12:00pm,1:00pm,1,1,FALSE,Student_017,TRUE
Fall 2021,2021,9,14,Tuesday,MATH-1242,1:00pm,2:00pm,1,1,FALSE,Student_018,TRUE
Fall 2021,2021,9,14,Tuesday,MATH-2171,2:00pm,3:00pm,1,1,FALSE,Student_009,TRUE
Fall 2021,2021,9,14,Tuesday,MATH-2171,4:00pm,5:00pm,1,1,FALSE,Student_028,TRUE
Fall 2021,2021,9,16,Thursday,ECON-3125,12:00pm,1:00pm,1,1,FALSE,Student_017,TRUE
Fall 2021,2021,9,16,Thursday,MATH-1242,1:00pm,2:00pm,1,1,FALSE,Student_018,TRUE
Fall 2021,2021,9,16,Thursday,STAT-1220,2:00pm,3:00pm,1,1,FALSE,Student_029,TRUE
Fall 2021,2021,9,16,Thursday,MATH-2171,4:00pm,5:00pm,1,1,FALSE,Student_030,TRUE
Fall 2021,2021,9,18,Saturday,MATH-1241,4:00pm,5:00pm,0.25,1,TRUE,Student_031,FALSE
Fall 2021,2021,9,18,Saturday,MATH-1242,5:00pm,6:00pm,0.5,1,TRUE,Student_005,TRUE
Fall 2021,2021,9,21,Tuesday,MATH-2241,11:00am,12:00pm,1.5,1,TRUE,Student_032,TRUE
Fall 2021,2021,9,21,Tuesday,ECON-3125,12:00pm,1:00pm,1,1,FALSE,Student_017,TRUE
Fall 2021,2021,9,21,Tuesday,MATH-2171,2:00pm,3:00pm,1,1,FALSE,Student_009,TRUE
Fall 2021,2021,9,21,Tuesday,MATH-1242,4:00pm,5:00pm,0.75,1,TRUE,Student_016,TRUE
Fall 2021,2021,9,25,Saturday,MATH-1241,2:00pm,3:00pm,1,1,FALSE,Student_033,TRUE
Fall 2021,2021,9,25,Saturday,MATH-2171,4:00pm,5:00pm,1,1,FALSE,Student_006,TRUE
Fall 2021,2021,9,25,Saturday,STAT-1220,5:00pm,6:00pm,0.75,1,TRUE,Student_034,TRUE
Fall 2021,2021,9,28,Tuesday,ECON-3125,12:00pm,1:00pm,1,1,FALSE,Student_017,TRUE
Fall 2021,2021,9,28,Tuesday,MATH-1242,1:00pm,2:00pm,1,1,FALSE,Student_018,TRUE
Fall 2021,2021,9,28,Tuesday,MATH-2171,2:00pm,3:00pm,1,1,FALSE,Student_009,TRUE
Fall 2021,2021,9,28,Tuesday,MATH-1242,3:00pm,4:00pm,1,1,FALSE,Student_035,TRUE
Fall 2021,2021,9,28,Tuesday,STAT-1220,4:00pm,5:00pm,0.25,1,TRUE,Student_036,FALSE
Fall 2021,2021,9,30,Thursday,ECON-3125,12:00pm,1:00pm,1,1,FALSE,Student_017,TRUE
Fall 2021,2021,9,30,Thursday,MATH-1242,1:00pm,2:00pm,1,1,FALSE,Student_018,TRUE
Fall 2021,2021,9,30,Thursday,MATH-1242,2:00pm,3:00pm,1,1,FALSE,Student_037,TRUE
Fall 2021,2021,9,30,Thursday,MATH-1241,3:00pm,4:00pm,1,1,FALSE,Student_038,TRUE
Fall 2021,2021,9,30,Thursday,MATH-2171,4:00pm,5:00pm,1.25,1,TRUE,Student_039,TRUE
Fall 2021,2021,10,2,Saturday,STAT-1220,2:00pm,3:00pm,0.5,1,TRUE,Student_040,TRUE
Fall 2021,2021,10,2,Saturday,MATH-1242,3:00pm,4:00pm,0.75,1,TRUE,Student_041,TRUE
Fall 2021,2021,10,2,Saturday,MATH-1241,5:00pm,6:00pm,1,1,FALSE,Student_042,TRUE
Fall 2021,2021,10,5,Tuesday,MATH-1241,11:00am,12:00pm,1.25,1,TRUE,Student_043,TRUE
Fall 2021,2021,10,5,Tuesday,ECON-3125,12:00pm,1:00pm,1,1,FALSE,Student_017,TRUE
Fall 2021,2021,10,5,Tuesday,MATH-1241,1:00pm,2:00pm,1,1,FALSE,Student_044,TRUE
Fall 2021,2021,10,5,Tuesday,MATH-2171,2:00pm,3:00pm,1,1,FALSE,Student_009,TRUE
Fall 2021,2021,10,5,Tuesday,MATH-1242,3:00pm,4:00pm,1,1,FALSE,Student_018,TRUE
Fall 2021,2021,10,5,Tuesday,MATH-1242,4:00pm,5:00pm,1,1,FALSE,Student_016,TRUE
Fall 2021,2021,10,7,Thursday,MATH-2171,12:00pm,1:00pm,1,1,FALSE,Student_045,TRUE
Fall 2021,2021,10,7,Thursday,MATH-1242,1:00pm,2:00pm,1,1,FALSE,Student_018,TRUE
Fall 2021,2021,10,7,Thursday,MATH-1241,2:00pm,3:00pm,1,1,FALSE,Student_012,TRUE
Fall 2021,2021,10,9,Saturday,MATH-1242,4:00pm,5:00pm,1,1,FALSE,Student_016,TRUE
Fall 2021,2021,10,9,Saturday,MATH-1242,5:00pm,6:00pm,1,1,FALSE,Student_016,TRUE
Fall 2021,2021,10,14,Thursday,STAT-1220,11:00am,12:00pm,1,1,FALSE,Student_019,TRUE
Fall 2021,2021,10,14,Thursday,MATH-1241,1:00pm,2:00pm,1,1,FALSE,Student_046,TRUE
Fall 2021,2021,10,14,Thursday,STAT-1220,2:00pm,3:00pm,1,1,FALSE,Student_047,TRUE
Fall 2021,2021,10,14,Thursday,MATH-1241,3:00pm,4:00pm,1,1,FALSE,Student_048,TRUE
Fall 2021,2021,10,14,Thursday,STAT-1220,4:00pm,5:00pm,1,1,FALSE,Student_049,TRUE
Fall 2021,2021,10,16,Saturday,MATH-1242,2:00pm,3:00pm,0.25,1,TRUE,Student_050,FALSE
Fall 2021,2021,10,16,Saturday,MATH-1241,3:00pm,4:00pm,1,1,FALSE,Student_051,TRUE
Fall 2021,2021,10,16,Saturday,STAT-1220,4:00pm,5:00pm,1,1,FALSE,Student_052,TRUE
Fall 2021,2021,10,16,Saturday,MATH-1242,5:00pm,6:00pm,1,1,FALSE,Student_026,TRUE
Fall 2021,2021,10,19,Tuesday,MATH-1242,11:00am,12:00pm,1,1,FALSE,Student_053,TRUE
Fall 2021,2021,10,19,Tuesday,ECON-3125,12:00pm,1:00pm,1,1,FALSE,Student_017,TRUE
Fall 2021,2021,10,19,Tuesday,STAT-1220,1:00pm,2:00pm,0.25,1,TRUE,Student_052,FALSE
Fall 2021,2021,10,19,Tuesday,MATH-2171,2:00pm,3:00pm,1.25,1,TRUE,Student_009,TRUE
Fall 2021,2021,10,19,Tuesday,MATH-2171,4:00pm,5:00pm,1.25,1,TRUE,Student_039,TRUE
Fall 2021,2021,10,21,Thursday,MATH-1242,11:00am,12:00pm,1,1,FALSE,Student_053,TRUE
Fall 2021,2021,10,21,Thursday,MATH-1242,1:00pm,2:00pm,1,1,FALSE,Student_018,TRUE
Fall 2021,2021,10,21,Thursday,MATH-2171,3:00pm,4:00pm,1,1,FALSE,Student_054,TRUE
Fall 2021,2021,10,21,Thursday,MATH-1242,4:00pm,5:00pm,1,1,FALSE,Student_016,TRUE
Fall 2021,2021,10,23,Saturday,MATH-1242,4:00pm,5:00pm,1,1,FALSE,Student_026,TRUE
Fall 2021,2021,10,23,Saturday,MATH-1242,5:00pm,6:00pm,1,1,FALSE,Student_016,TRUE
Fall 2021,2021,10,26,Tuesday,MATH-2241,11:00am,12:00pm,1,1,FALSE,Student_032,TRUE
Fall 2021,2021,10,26,Tuesday,ECON-3125,12:00pm,1:00pm,1,1,FALSE,Student_017,TRUE
Fall 2021,2021,10,26,Tuesday,MATH-1242,1:00pm,2:00pm,1,1,FALSE,Student_018,TRUE
Fall 2021,2021,10,26,Tuesday,MATH-2171,2:00pm,3:00pm,1,1,FALSE,Student_009,TRUE
Fall 2021,2021,10,26,Tuesday,MATH-1241,3:00pm,4:00pm,1,1,FALSE,Student_038,TRUE
Fall 2021,2021,10,26,Tuesday,STAT-1220,4:00pm,5:00pm,1,1,FALSE,Student_055,TRUE
Fall 2021,2021,10,28,Thursday,MATH-1242,11:00am,12:00pm,1,1,FALSE,Student_053,TRUE
Fall 2021,2021,10,28,Thursday,ECON-3125,12:00pm,1:00pm,1,1,FALSE,Student_017,TRUE
Fall 2021,2021,10,28,Thursday,MATH-1242,1:00pm,2:00pm,1,1,FALSE,Student_018,TRUE
Fall 2021,2021,10,28,Thursday,MATH-1241,2:00pm,3:00pm,1,1,FALSE,Student_048,TRUE
Fall 2021,2021,10,28,Thursday,MATH-2171,3:00pm,4:00pm,1,1,FALSE,Student_056,TRUE
Fall 2021,2021,10,28,Thursday,MATH-1242,4:00pm,5:00pm,1,1,FALSE,Student_016,TRUE
Fall 2021,2021,10,30,Saturday,MATH-1241,2:00pm,3:00pm,1,1,FALSE,Student_046,TRUE
Fall 2021,2021,10,30,Saturday,MATH-2241,3:00pm,4:00pm,1,1,FALSE,Student_032,TRUE
Fall 2021,2021,10,30,Saturday,MATH-2171,4:00pm,5:00pm,1,1,FALSE,Student_006,TRUE
Fall 2021,2021,10,30,Saturday,STAT-1220,5:00pm,6:00pm,1,1,FALSE,Student_057,FALSE
Fall 2021,2021,11,2,Tuesday,MATH-1241,11:00am,12:00pm,1,1,FALSE,Student_043,FALSE
Fall 2021,2021,11,2,Tuesday,ECON-3125,12:00pm,1:00pm,1,1,FALSE,Student_017,TRUE
Fall 2021,2021,11,2,Tuesday,MATH-2171,1:00pm,2:00pm,1,1,FALSE,Student_039,TRUE
Fall 2021,2021,11,2,Tuesday,MATH-2171,2:00pm,3:00pm,1,1,FALSE,Student_009,TRUE
Fall 2021,2021,11,2,Tuesday,MATH-1241,3:00pm,4:00pm,1,1,FALSE,Student_038,TRUE
Fall 2021,2021,11,2,Tuesday,MATH-1242,4:00pm,5:00pm,1,1,FALSE,Student_016,TRUE
Fall 2021,2021,11,4,Thursday,STAT-1220,12:00pm,1:00pm,1,1,FALSE,Student_058,TRUE
Fall 2021,2021,11,4,Thursday,MATH-1242,1:00pm,2:00pm,1,1,FALSE,Student_018,TRUE
Fall 2021,2021,11,4,Thursday,MATH-2171,4:00pm,5:00pm,1,1,FALSE,Student_032,TRUE
Fall 2021,2021,11,6,Saturday,MATH-2171,2:00pm,3:00pm,1,1,FALSE,Student_059,TRUE
Fall 2021,2021,11,6,Saturday,STAT-1220,3:00pm,4:00pm,1,1,FALSE,Student_060,TRUE
Fall 2021,2021,11,6,Saturday,STAT-1220,4:00pm,5:00pm,0.25,1,TRUE,Student_052,FALSE
Fall 2021,2021,11,7,Sunday,MATH-2171,10:15am,11:15am,1,1,FALSE,Student_009,TRUE
Fall 2021,2021,11,9,Tuesday,ECON-3125,12:00pm,1:00pm,1,1,FALSE,Student_017,TRUE
Fall 2021,2021,11,9,Tuesday,MATH-2171,1:00pm,2:00pm,1,1,FALSE,Student_061,TRUE
Fall 2021,2021,11,9,Tuesday,MATH-2171,2:00pm,3:00pm,1,1,FALSE,Student_009,TRUE
Fall 2021,2021,11,9,Tuesday,STAT-1220,3:00pm,4:00pm,1,1,FALSE,Student_052,FALSE
Fall 2021,2021,11,9,Tuesday,MATH-2171,4:00pm,5:00pm,1,1,FALSE,Student_039,TRUE
Fall 2021,2021,11,11,Thursday,STAT-1220,11:00am,12:00pm,1,1,FALSE,Student_062,FALSE
Fall 2021,2021,11,11,Thursday,ECON-3125,12:00pm,1:00pm,1,1,FALSE,Student_017,TRUE
Fall 2021,2021,11,11,Thursday,STAT-1220,1:00pm,2:00pm,1,1,FALSE,Student_063,TRUE
Fall 2021,2021,11,11,Thursday,STAT-1220,2:00pm,3:00pm,1,1,FALSE,Student_064,TRUE
Fall 2021,2021,11,11,Thursday,STAT-1220,3:00pm,4:00pm,1,1,FALSE,Student_065,TRUE
Fall 2021,2021,11,11,Thursday,MATH-1242,4:00pm,5:00pm,0.75,1,TRUE,Student_016,TRUE
Fall 2021,2021,11,13,Saturday,STAT-1220,2:00pm,3:00pm,0.75,1,TRUE,Student_066,TRUE
Fall 2021,2021,11,13,Saturday,MATH-1241,5:00pm,6:00pm,0.75,1,TRUE,Student_038,TRUE
Fall 2021,2021,11,16,Tuesday,ECON-3125,12:00pm,1:00pm,1,1,FALSE,Student_017,TRUE
Fall 2021,2021,11,16,Tuesday,MATH-2171,1:00pm,2:00pm,1,1,FALSE,Student_039,TRUE
Fall 2021,2021,11,16,Tuesday,MATH-2171,2:00pm,3:00pm,1,1,FALSE,Student_009,TRUE
Fall 2021,2021,11,16,Tuesday,MATH-1241,3:00pm,4:00pm,1,1,FALSE,Student_038,TRUE
Fall 2021,2021,11,16,Tuesday,MATH-2171,4:00pm,5:00pm,1,1,FALSE,Student_061,TRUE
Fall 2021,2021,11,18,Thursday,STAT-1220,11:00am,12:00pm,1.25,1,TRUE,Student_019,TRUE
Fall 2021,2021,11,18,Thursday,ECON-3125,12:00pm,1:00pm,1,1,FALSE,Student_017,TRUE
Fall 2021,2021,11,18,Thursday,MATH-1241,1:00pm,2:00pm,1,1,FALSE,Student_067,TRUE
Fall 2021,2021,11,18,Thursday,MATH-1242,4:00pm,5:00pm,1,1,FALSE,Student_016,TRUE
Fall 2021,2021,11,20,Saturday,MATH-2241,3:00pm,4:00pm,1,1,FALSE,Student_032,TRUE
Fall 2021,2021,11,21,Sunday,MATH-2171,4:00pm,5:00pm,1,1,FALSE,Student_032,TRUE
Fall 2021,2021,11,27,Saturday,STAT-1220,3:00pm,4:00pm,1,1,FALSE,Student_034,TRUE
Fall 2021,2021,11,27,Saturday,MATH-1241,4:00pm,5:00pm,1,1,FALSE,Student_068,TRUE
Fall 2021,2021,11,30,Tuesday,ECON-3125,12:00pm,1:00pm,1,1,FALSE,Student_017,TRUE
Fall 2021,2021,11,30,Tuesday,MATH-2171,1:00pm,2:00pm,1,1,FALSE,Student_039,TRUE
Fall 2021,2021,11,30,Tuesday,MATH-2171,2:00pm,3:00pm,1.25,1,TRUE,Student_009,TRUE
Fall 2021,2021,11,30,Tuesday,MATH-1241,4:00pm,5:00pm,1.25,1,TRUE,Student_046,TRUE
Fall 2021,2021,12,2,Thursday,STAT-1220,11:00am,12:00pm,1,1,FALSE,Student_069,FALSE
Fall 2021,2021,12,2,Thursday,ECON-3125,12:00pm,1:00pm,1,1,FALSE,Student_017,TRUE
Fall 2021,2021,12,2,Thursday,STAT-1220,1:00pm,2:00pm,1,1,FALSE,Student_064,TRUE
Fall 2021,2021,12,2,Thursday,STAT-1220,2:00pm,3:00pm,1,1,FALSE,Student_019,TRUE
Fall 2021,2021,12,2,Thursday,MATH-1242,3:00pm,4:00pm,1.25,1,TRUE,Student_070,TRUE
Fall 2021,2021,12,4,Saturday,STAT-1220,2:00pm,3:00pm,1,1,FALSE,Student_071,TRUE
Fall 2021,2021,12,4,Saturday,MATH-1241,4:00pm,5:00pm,1,1,FALSE,Student_002,TRUE
Fall 2021,2021,12,4,Saturday,MATH-1241,5:00pm,6:00pm,1,1,FALSE,Student_072,TRUE
Fall 2021,2021,12,7,Tuesday,MATH-2171,11:00am,12:00pm,1,1,FALSE,Student_032,TRUE
Fall 2021,2021,12,7,Tuesday,ECON-3125,12:00pm,1:00pm,1,1,FALSE,Student_017,FALSE
Fall 2021,2021,12,7,Tuesday,MATH-2171,1:00pm,2:00pm,1,1,FALSE,Student_039,TRUE
Fall 2021,2021,12,7,Tuesday,MATH-2171,2:00pm,3:00pm,1,1,FALSE,Student_009,TRUE
Fall 2021,2021,12,7,Tuesday,MATH-1241,3:00pm,4:00pm,1.25,1,TRUE,Student_068,TRUE
Fall 2021,2021,12,7,Tuesday,MATH-2171,4:00pm,5:00pm,1.5,1,TRUE,Student_061,TRUE
Spring 2022,2022,1,13,Thursday,MATH-1242,1:00pm,2:00pm,1,1,FALSE,Student_073,TRUE
Spring 2022,2022,1,13,Thursday,MATH-1241,2:00pm,3:00pm,1.25,1,TRUE,Student_074,TRUE
Spring 2022,2022,1,13,Thursday,MATH-1241,4:00pm,5:00pm,1,1,FALSE,Student_075,TRUE
Spring 2022,2022,1,18,Tuesday,MATH-2241,12:00pm,1:00pm,1,1,FALSE,Student_039,TRUE
Spring 2022,2022,1,18,Tuesday,MATH-1242,1:00pm,2:00pm,1.25,1,TRUE,Student_076,TRUE
Spring 2022,2022,1,18,Tuesday,STAT-1220,4:00pm,5:00pm,1.25,1,TRUE,Student_077,TRUE
Spring 2022,2022,1,20,Thursday,STAT-1220,4:00pm,5:00pm,1,1,FALSE,Student_077,TRUE
Spring 2022,2022,1,22,Saturday,MATH-1242,11:00am,12:00pm,1,1,FALSE,Student_002,TRUE
Spring 2022,2022,1,22,Saturday,MATH-1120,2:00pm,3:00pm,1.25,1,TRUE,Student_078,TRUE
Spring 2022,2022,1,25,Tuesday,STAT-1220,1:00pm,2:00pm,1.25,1,TRUE,Student_079,TRUE
Spring 2022,2022,1,25,Tuesday,MATH-1120,2:00pm,3:00pm,0.25,1,TRUE,Student_080,FALSE
Spring 2022,2022,1,25,Tuesday,MATH-1120,3:00pm,4:00pm,1.25,1,TRUE,Student_081,TRUE
Spring 2022,2022,1,25,Tuesday,STAT-1221,4:00pm,5:00pm,1,1,FALSE,Student_082,TRUE
Spring 2022,2022,1,27,Thursday,MATH-1120,2:00pm,3:00pm,1,1,FALSE,Student_083,TRUE
Spring 2022,2022,1,27,Thursday,MATH-1241,3:00pm,4:00pm,1,1,FALSE,Student_084,TRUE
Spring 2022,2022,1,27,Thursday,STAT-1220,4:00pm,5:00pm,1,1,FALSE,Student_085,TRUE
Spring 2022,2022,1,29,Saturday,MATH-1120,9:00am,10:00am,1,1,FALSE,Student_078,TRUE
Spring 2022,2022,1,29,Saturday,MATH-1120,10:00am,11:00am,0.25,1,TRUE,Student_086,FALSE
Spring 2022,2022,1,29,Saturday,MATH-1241,11:00am,12:00pm,1,1,FALSE,Student_003,TRUE
Spring 2022,2022,1,29,Saturday,MATH-2171,1:00pm,2:00pm,1,1,FALSE,Student_026,TRUE
Spring 2022,2022,1,29,Saturday,MATH-1241,2:00pm,3:00pm,1,1,FALSE,Student_087,TRUE
Spring 2022,2022,1,29,Saturday,MATH-2241,3:00pm,4:00pm,1,1,FALSE,Student_088,TRUE
Spring 2022,2022,1,29,Saturday,MATH-1120,4:00pm,5:00pm,1,1,FALSE,Student_089,TRUE
Spring 2022,2022,2,1,Tuesday,MATH-1120,12:00pm,1:00pm,1,1,FALSE,Student_090,TRUE
Spring 2022,2022,2,1,Tuesday,MATH-2171,1:00pm,2:00pm,1,1,FALSE,Student_091,TRUE
Spring 2022,2022,2,1,Tuesday,MATH-1242,2:00pm,3:00pm,1,1,FALSE,Student_002,TRUE
Spring 2022,2022,2,1,Tuesday,MATH-1242,3:00pm,4:00pm,1,1,FALSE,Student_076,TRUE
Spring 2022,2022,2,1,Tuesday,MATH-1120,4:00pm,5:00pm,1,1,FALSE,Student_019,TRUE
Spring 2022,2022,2,3,Thursday,MATH-2171,12:00pm,1:00pm,0.25,1,TRUE,Student_092,FALSE
Spring 2022,2022,2,5,Saturday,MATH-1241,7:00am,8:00am,1,1,FALSE,Student_093,TRUE
Spring 2022,2022,2,5,Saturday,STAT-1222,8:00am,9:00am,1,1,FALSE,Student_094,TRUE
Spring 2022,2022,2,5,Saturday,MATH-1120,9:00am,10:00am,1,1,FALSE,Student_078,TRUE
Spring 2022,2022,2,5,Saturday,MATH-1241,10:00am,11:00am,1,1,FALSE,Student_093,TRUE
Spring 2022,2022,2,5,Saturday,MATH-1120,11:00am,12:00pm,1,1,FALSE,Student_095,TRUE
Spring 2022,2022,2,5,Saturday,MATH-2171,1:00pm,2:00pm,1,1,FALSE,Student_026,TRUE
Spring 2022,2022,2,5,Saturday,PHIL-2105,2:00pm,3:00pm,1,1,FALSE,Student_096,TRUE
Spring 2022,2022,2,5,Saturday,MATH-2171,3:00pm,4:00pm,1,1,FALSE,Student_097,TRUE
Spring 2022,2022,2,8,Tuesday,PHIL-2105,12:00pm,1:00pm,0.25,1,TRUE,Student_098,FALSE
Spring 2022,2022,2,8,Tuesday,PHIL-2105,1:00pm,2:00pm,1,1,FALSE,Student_099,TRUE
Spring 2022,2022,2,8,Tuesday,MATH-1242,2:00pm,3:00pm,1,1,FALSE,Student_100,TRUE
Spring 2022,2022,2,8,Tuesday,MATH-1242,3:00pm,4:00pm,0.25,1,TRUE,Student_101,FALSE
Spring 2022,2022,2,8,Tuesday,MATH-1120,4:00pm,5:00pm,0.25,1,TRUE,Student_102,FALSE
Spring 2022,2022,2,10,Thursday,STAT-1220,1:00pm,2:00pm,1.25,1,TRUE,Student_103,TRUE
Spring 2022,2022,2,10,Thursday,MATH-1120,3:00pm,4:00pm,1.25,1,TRUE,Student_104,TRUE
Spring 2022,2022,2,10,Thursday,MATH-1120,4:00pm,5:00pm,1,1,FALSE,Student_105,TRUE
Spring 2022,2022,2,12,Saturday,MATH-2171,8:00am,9:00am,1,1,FALSE,Student_106,FALSE
Spring 2022,2022,2,12,Saturday,MATH-2241,9:00am,10:00am,1,1,FALSE,Student_106,FALSE
Spring 2022,2022,2,12,Saturday,MATH-1242,10:00am,11:00am,1,1,FALSE,Student_107,TRUE
Spring 2022,2022,2,12,Saturday,MATH-1120,11:00am,12:00pm,1,1,FALSE,Student_095,TRUE
Spring 2022,2022,2,12,Saturday,MATH-2171,1:00pm,2:00pm,1,1,FALSE,Student_026,TRUE
Spring 2022,2022,2,12,Saturday,MATH-2241,2:00pm,3:00pm,1,1,FALSE,Student_088,TRUE
Spring 2022,2022,2,12,Saturday,MATH-2241,3:00pm,4:00pm,1,1,FALSE,Student_088,TRUE
Spring 2022,2022,2,12,Saturday,STAT-1222,4:00pm,5:00pm,1,1,FALSE,Student_108,TRUE
Spring 2022,2022,2,12,Saturday,MATH-1120,5:00pm,6:00pm,1.25,1,TRUE,Student_109,TRUE
Spring 2022,2022,2,15,Tuesday,MATH-1242,12:00pm,1:00pm,1.25,1,TRUE,Student_110,TRUE
Spring 2022,2022,2,15,Tuesday,MATH-1120,1:00pm,2:00pm,1,1,FALSE,Student_095,TRUE
Spring 2022,2022,2,15,Tuesday,MATH-1242,2:00pm,3:00pm,1,1,FALSE,Student_100,TRUE
Spring 2022,2022,2,15,Tuesday,MATH-1242,3:00pm,4:00pm,0.25,1,TRUE,Student_111,FALSE
Spring 2022,2022,2,15,Tuesday,MATH-2171,4:00pm,5:00pm,1.25,1,TRUE,Student_112,TRUE
Spring 2022,2022,2,17,Thursday,MATH-1241,12:00pm,1:00pm,1,1,FALSE,Student_113,TRUE
Spring 2022,2022,2,17,Thursday,STAT-1222,1:00pm,2:00pm,0.25,1,TRUE,Student_114,FALSE
Spring 2022,2022,2,17,Thursday,MATH-1120,2:00pm,3:00pm,1,1,FALSE,Student_115,TRUE
Spring 2022,2022,2,17,Thursday,MATH-1120,3:00pm,4:00pm,1,1,FALSE,Student_116,TRUE
Spring 2022,2022,2,17,Thursday,STAT-1220,4:00pm,5:00pm,1,1,FALSE,Student_082,TRUE
Spring 2022,2022,2,19,Saturday,MATH-1241,7:00am,8:00am,0.25,1,TRUE,Student_093,FALSE
Spring 2022,2022,2,19,Saturday,MATH-1242,10:00am,11:00am,1,1,FALSE,Student_107,TRUE
Spring 2022,2022,2,19,Saturday,MATH-1120,11:00am,12:00pm,1,1,FALSE,Student_117,TRUE
Spring 2022,2022,2,19,Saturday,MATH-2171,1:00pm,2:00pm,1,1,FALSE,Student_026,TRUE
Spring 2022,2022,2,19,Saturday,MATH-1241,2:00pm,3:00pm,1,1,FALSE,Student_118,TRUE
Spring 2022,2022,2,19,Saturday,MATH-1120,3:00pm,4:00pm,0.25,1,TRUE,Student_089,FALSE
Spring 2022,2022,2,19,Saturday,MATH-1120,4:00pm,5:00pm,1,1,FALSE,Student_119,TRUE
Spring 2022,2022,2,19,Saturday,MATH-1241,5:00pm,6:00pm,1,1,FALSE,Student_120,TRUE
Spring 2022,2022,2,22,Tuesday,MATH-1120,12:00pm,1:00pm,1,1,FALSE,Student_090,TRUE
Spring 2022,2022,2,22,Tuesday,MATH-2241,1:00pm,2:00pm,1,1,FALSE,Student_121,TRUE
Spring 2022,2022,2,22,Tuesday,MATH-1242,2:00pm,3:00pm,1,1,FALSE,Student_100,TRUE
Spring 2022,2022,2,22,Tuesday,MATH-1120,3:00pm,4:00pm,1,1,FALSE,Student_019,TRUE
Spring 2022,2022,2,22,Tuesday,MATH-2171,4:00pm,5:00pm,1,1,FALSE,Student_112,TRUE
Spring 2022,2022,2,24,Thursday,MATH-1120,12:00pm,1:00pm,1,1,FALSE,Student_122,TRUE
Spring 2022,2022,2,24,Thursday,STAT-1220,1:00pm,2:00pm,0.25,1,TRUE,Student_123,FALSE
Spring 2022,2022,2,24,Thursday,MATH-1242,2:00pm,3:00pm,1,1,FALSE,Student_107,TRUE
Spring 2022,2022,2,24,Thursday,STAT-1220,3:00pm,4:00pm,1,1,FALSE,Student_124,TRUE
Spring 2022,2022,2,24,Thursday,MATH-2171,4:00pm,5:00pm,1,1,FALSE,Student_112,TRUE
Spring 2022,2022,2,26,Saturday,MATH-1242,9:00am,10:00am,1.25,1,TRUE,Student_125,TRUE
Spring 2022,2022,2,26,Saturday,MATH-1241,11:00am,12:00pm,0.25,1,TRUE,Student_126,FALSE
Spring 2022,2022,2,26,Saturday,MATH-2171,1:00pm,2:00pm,1,1,FALSE,Student_026,TRUE
Spring 2022,2022,2,26,Saturday,MATH-1242,2:00pm,3:00pm,1,1,FALSE,Student_076,TRUE
Spring 2022,2022,2,26,Saturday,STAT-1220,3:00pm,4:00pm,1,1,FALSE,Student_127,TRUE
Spring 2022,2022,2,26,Saturday,MATH-1241,4:00pm,5:00pm,1,1,FALSE,Student_128,TRUE
Spring 2022,2022,2,26,Saturday,MATH-1241,5:00pm,6:00pm,1,1,FALSE,Student_120,TRUE
Spring 2022,2022,3,1,Tuesday,MATH-2171,12:00pm,1:00pm,0.25,1,TRUE,Student_112,FALSE
Spring 2022,2022,3,1,Tuesday,MATH-1242,1:00pm,2:00pm,1,1,FALSE,Student_129,TRUE
Spring 2022,2022,3,1,Tuesday,MATH-1242,2:00pm,3:00pm,1,1,FALSE,Student_100,TRUE
Spring 2022,2022,3,1,Tuesday,MATH-1242,3:00pm,4:00pm,1,1,FALSE,Student_076,TRUE
Spring 2022,2022,3,1,Tuesday,MATH-1242,4:00pm,5:00pm,1.25,1,TRUE,Student_130,TRUE
Spring 2022,2022,3,3,Thursday,ANTH-1101,12:00pm,1:00pm,0.25,1,TRUE,Student_131,FALSE
Spring 2022,2022,3,3,Thursday,MATH-2241,1:00pm,2:00pm,1,1,FALSE,Student_132,TRUE
Spring 2022,2022,3,3,Thursday,STAT-1222,2:00pm,3:00pm,1.25,1,TRUE,Student_114,TRUE
Spring 2022,2022,3,3,Thursday,MATH-2171,4:00pm,5:00pm,1.25,1,TRUE,Student_112,TRUE
Spring 2022,2022,3,5,Saturday,MATH-1242,10:00am,11:00am,1.25,1,TRUE,Student_110,TRUE
Spring 2022,2022,3,5,Saturday,MATH-2171,1:00pm,2:00pm,1,1,FALSE,Student_026,TRUE
Spring 2022,2022,3,12,Saturday,STAT-1220,7:00am,8:00am,1.25,1,TRUE,Student_079,TRUE
Spring 2022,2022,3,15,Tuesday,STAT-1220,12:00pm,1:00pm,1,1,FALSE,Student_127,TRUE
Spring 2022,2022,3,15,Tuesday,MATH-1242,1:00pm,2:00pm,1,1,FALSE,Student_129,TRUE
Spring 2022,2022,3,15,Tuesday,STAT-1220,2:00pm,3:00pm,1,1,FALSE,Student_133,TRUE
Spring 2022,2022,3,15,Tuesday,STAT-1220,3:00pm,4:00pm,1,1,FALSE,Student_124,TRUE
Spring 2022,2022,3,15,Tuesday,STAT-1220,4:00pm,5:00pm,1,1,FALSE,Student_134,TRUE
Spring 2022,2022,3,17,Thursday,STAT-1222,12:00pm,1:00pm,1,1,FALSE,Student_135,TRUE
Spring 2022,2022,3,17,Thursday,STAT-1222,1:00pm,2:00pm,1,1,FALSE,Student_136,TRUE
Spring 2022,2022,3,17,Thursday,MATH-1120,2:00pm,3:00pm,1,1,FALSE,Student_137,TRUE
Spring 2022,2022,3,17,Thursday,MATH-1242,3:00pm,4:00pm,0.25,1,TRUE,Student_138,FALSE
Spring 2022,2022,3,17,Thursday,MATH-1241,4:00pm,5:00pm,0.25,1,TRUE,Student_139,FALSE
Spring 2022,2022,3,19,Saturday,MATH-1241,4:00pm,5:00pm,1,1,FALSE,Student_140,TRUE
Spring 2022,2022,3,22,Tuesday,MATH-1242,12:00pm,1:00pm,1,1,FALSE,Student_141,TRUE
Spring 2022,2022,3,22,Tuesday,MATH-1242,1:00pm,2:00pm,1,1,FALSE,Student_129,TRUE
Spring 2022,2022,3,22,Tuesday,MATH-1242,3:00pm,4:00pm,1.25,1,TRUE,Student_142,TRUE
Spring 2022,2022,3,22,Tuesday,MATH-2171,4:00pm,5:00pm,1,1,FALSE,Student_112,TRUE
Spring 2022,2022,3,24,Thursday,MATH-1120,12:00pm,1:00pm,1,1,FALSE,Student_019,TRUE
Spring 2022,2022,3,24,Thursday,MATH-2171,1:00pm,2:00pm,0.25,1,TRUE,Student_106,FALSE
Spring 2022,2022,3,24,Thursday,MATH-2171,2:00pm,3:00pm,1,1,FALSE,Student_092,TRUE
Spring 2022,2022,3,24,Thursday,MATH-2171,4:00pm,5:00pm,1.25,1,TRUE,Student_112,TRUE
Spring 2022,2022,3,26,Saturday,MATH-1241,1:00pm,2:00pm,1,1,FALSE,Student_118,TRUE
Spring 2022,2022,3,26,Saturday,MATH-1242,2:00pm,3:00pm,1,1,FALSE,Student_143,TRUE
Spring 2022,2022,3,26,Saturday,MATH-1241,4:00pm,5:00pm,1,1,FALSE,Student_140,TRUE
Spring 2022,2022,3,29,Tuesday,STAT-1222,12:00pm,1:00pm,1.25,1,TRUE,Student_114,TRUE
Spring 2022,2022,3,29,Tuesday,MATH-1242,1:00pm,2:00pm,1,1,FALSE,Student_107,TRUE
Spring 2022,2022,3,29,Tuesday,MATH-1242,2:00pm,3:00pm,1,1,FALSE,Student_033,TRUE
Spring 2022,2022,3,29,Tuesday,STAT-1222,3:00pm,4:00pm,1,1,FALSE,Student_144,TRUE
Spring 2022,2022,3,29,Tuesday,MATH-2171,4:00pm,5:00pm,1,1,FALSE,Student_112,TRUE
Spring 2022,2022,3,31,Thursday,MATH-1242,12:00pm,1:00pm,1.5,1,TRUE,Student_110,TRUE
Spring 2022,2022,3,31,Thursday,MATH-2171,1:00pm,2:00pm,1,1,FALSE,Student_145,TRUE
Spring 2022,2022,3,31,Thursday,MATH-1120,3:00pm,4:00pm,1,1,FALSE,Student_019,TRUE
Spring 2022,2022,3,31,Thursday,STAT-1222,4:00pm,5:00pm,1,1,FALSE,Student_114,TRUE
Spring 2022,2022,4,2,Saturday,MATH-1120,1:00pm,2:00pm,1,1,FALSE,Student_081,TRUE
Spring 2022,2022,4,2,Saturday,MATH-2241,2:00pm,3:00pm,1,1,FALSE,Student_026,TRUE
Spring 2022,2022,4,2,Saturday,MATH-2241,3:00pm,4:00pm,1.5,1,TRUE,Student_026,TRUE
Spring 2022,2022,4,5,Tuesday,MATH-2171,4:00pm,5:00pm,1,1,FALSE,Student_112,TRUE
Spring 2022,2022,4,7,Thursday,MATH-1241,1:00pm,2:00pm,1.25,1,TRUE,Student_146,TRUE
Spring 2022,2022,4,7,Thursday,PHIL-2105,3:00pm,4:00pm,1,1,FALSE,Student_147,TRUE
Spring 2022,2022,4,7,Thursday,MATH-2171,4:00pm,5:00pm,1,1,FALSE,Student_112,TRUE
Spring 2022,2022,4,9,Saturday,MATH-2171,11:00am,12:00pm,1,1,FALSE,Student_145,TRUE
Spring 2022,2022,4,9,Saturday,MATH-2241,1:00pm,2:00pm,1,1,FALSE,Student_026,TRUE
Spring 2022,2022,4,9,Saturday,MATH-2171,2:00pm,3:00pm,1,1,FALSE,Student_026,TRUE
Spring 2022,2022,4,9,Saturday,MATH-1241,3:00pm,4:00pm,1,1,FALSE,Student_148,TRUE
Spring 2022,2022,4,12,Tuesday,MATH-1242,12:00pm,1:00pm,1,1,FALSE,Student_107,TRUE
Spring 2022,2022,4,12,Tuesday,MATH-1242,1:00pm,2:00pm,1,1,FALSE,Student_141,TRUE
Spring 2022,2022,4,12,Tuesday,MATH-1242,2:00pm,3:00pm,1,1,FALSE,Student_129,TRUE
Spring 2022,2022,4,12,Tuesday,MATH-2171,4:00pm,5:00pm,1,1,FALSE,Student_112,TRUE
Spring 2022,2022,4,14,Thursday,MATH-1242,12:00pm,1:00pm,1,1,FALSE,Student_141,TRUE
Spring 2022,2022,4,14,Thursday,MATH-1241,1:00pm,2:00pm,1.25,1,TRUE,Student_149,TRUE
Spring 2022,2022,4,14,Thursday,MATH-2171,4:00pm,5:00pm,1.25,1,TRUE,Student_112,TRUE
Spring 2022,2022,4,19,Tuesday,MATH-1242,12:00pm,1:00pm,1,1,FALSE,Student_129,TRUE
Spring 2022,2022,4,19,Tuesday,MATH-1120,1:00pm,2:00pm,1,1,FALSE,Student_150,TRUE
Spring 2022,2022,4,19,Tuesday,MATH-1241,2:00pm,3:00pm,1,1,FALSE,Student_149,TRUE
Spring 2022,2022,4,19,Tuesday,MATH-1120,3:00pm,4:00pm,1,1,FALSE,Student_019,TRUE
Spring 2022,2022,4,19,Tuesday,MATH-2171,4:00pm,5:00pm,1,1,FALSE,Student_112,TRUE
Spring 2022,2022,4,21,Thursday,MATH-1242,12:00pm,1:00pm,1.25,1,TRUE,Student_107,TRUE
Spring 2022,2022,4,21,Thursday,MATH-1120,1:00pm,2:00pm,1,1,FALSE,Student_150,TRUE
Spring 2022,2022,4,21,Thursday,STAT-1222,2:00pm,3:00pm,1,1,FALSE,Student_151,TRUE
Spring 2022,2022,4,21,Thursday,STAT-1220,3:00pm,4:00pm,1,1,FALSE,Student_152,TRUE
Spring 2022,2022,4,21,Thursday,MATH-2171,4:00pm,5:00pm,1,1,FALSE,Student_112,TRUE
Spring 2022,2022,4,23,Saturday,MATH-1120,11:00am,12:00pm,1,1,FALSE,Student_104,TRUE
Spring 2022,2022,4,23,Saturday,MATH-2171,2:00pm,3:00pm,1,1,FALSE,Student_026,TRUE
Spring 2022,2022,4,23,Saturday,MATH-2241,3:00pm,4:00pm,1,1,FALSE,Student_026,TRUE
Spring 2022,2022,4,26,Tuesday,ANTH-1101,12:00pm,1:00pm,1,1,FALSE,Student_153,FALSE
Spring 2022,2022,4,26,Tuesday,MATH-1241,1:00pm,2:00pm,1,1,FALSE,Student_149,TRUE
Spring 2022,2022,4,26,Tuesday,MATH-1242,2:00pm,3:00pm,1,1,FALSE,Student_107,TRUE
Spring 2022,2022,4,26,Tuesday,MATH-2171,4:00pm,5:00pm,1.25,1,TRUE,Student_112,TRUE
Spring 2022,2022,4,28,Thursday,MATH-1242,12:00pm,1:00pm,1,1,FALSE,Student_129,TRUE
Spring 2022,2022,4,28,Thursday,MATH-1242,2:00pm,3:00pm,1.25,1,TRUE,Student_154,TRUE
Spring 2022,2022,4,28,Thursday,MATH-2171,4:00pm,5:00pm,1,1,FALSE,Student_112,TRUE
Spring 2022,2022,4,30,Saturday,MATH-1242,11:00am,12:00pm,1,1,FALSE,Student_155,TRUE
Spring 2022,2022,4,30,Saturday,MATH-2171,2:00pm,3:00pm,1,1,FALSE,Student_026,TRUE
Spring 2022,2022,4,30,Saturday,MATH-2241,3:00pm,4:00pm,1,1,FALSE,Student_026,TRUE
Spring 2022,2022,4,30,Saturday,MATH-2171,4:00pm,5:00pm,1,1,FALSE,Student_026,TRUE
Spring 2022,2022,4,30,Saturday,STAT-1220,5:00pm,6:00pm,0.25,1,TRUE,Student_127,FALSE
Spring 2022,2022,5,3,Tuesday,MATH-1242,12:00pm,1:00pm,1,1,FALSE,Student_129,TRUE
Spring 2022,2022,5,3,Tuesday,ANTH-1101,1:00pm,2:00pm,1,1,FALSE,Student_156,FALSE
Spring 2022,2022,5,3,Tuesday,MATH-1241,2:00pm,3:00pm,1,1,FALSE,Student_157,TRUE
Spring 2022,2022,5,3,Tuesday,MATH-1241,3:00pm,4:00pm,1,1,FALSE,Student_149,TRUE
Spring 2022,2022,5,3,Tuesday,STAT-1220,4:00pm,5:00pm,1.25,1,TRUE,Student_158,TRUE
Fall 2022,2022,8,27,Saturday,MATH-2241,1:00pm,2:00pm,1,1,FALSE,Student_159,TRUE
Fall 2022,2022,8,27,Saturday,MATH-1241,2:00pm,3:00pm,1,1,FALSE,Student_160,TRUE
Fall 2022,2022,8,27,Saturday,MATH-1242,3:00pm,4:00pm,1,1,FALSE,Student_161,TRUE
Fall 2022,2022,8,29,Monday,MATH-2171,2:00pm,3:00pm,1,1,FALSE,Student_016,TRUE
Fall 2022,2022,8,29,Monday,MATH-2171,3:00pm,4:00pm,1,1,FALSE,Student_016,TRUE
Fall 2022,2022,8,29,Monday,MATH-2171,4:00pm,5:00pm,1,1,FALSE,Student_162,TRUE
Fall 2022,2022,8,30,Tuesday,MATH-1241,11:45am,12:45pm,1,1,FALSE,Student_163,TRUE
Fall 2022,2022,8,30,Tuesday,MATH-1120,12:45pm,1:45pm,1,1,FALSE,Student_164,TRUE
Fall 2022,2022,9,3,Saturday,MATH-2241,1:00pm,2:00pm,1,1,FALSE,Student_159,TRUE
Fall 2022,2022,9,6,Tuesday,STAT-1222,11:45am,12:45pm,1,1,FALSE,Student_165,TRUE
Fall 2022,2022,9,6,Tuesday,STAT-1222,12:45pm,1:45pm,1,1,FALSE,Student_166,TRUE
Fall 2022,2022,9,10,Saturday,STAT-3128,1:00pm,2:00pm,1,1,FALSE,Student_167,TRUE
Fall 2022,2022,9,10,Saturday,MATH-1242,2:00pm,3:00pm,1,1,FALSE,Student_168,TRUE
Fall 2022,2022,9,10,Saturday,STAT-1220,3:00pm,4:00pm,1,1,FALSE,Student_169,TRUE
Fall 2022,2022,9,12,Monday,ANTH-1101,2:00pm,3:00pm,1,1,FALSE,Student_170,TRUE
Fall 2022,2022,9,12,Monday,MATH-3163,3:00pm,4:00pm,1,1,FALSE,Student_171,TRUE
Fall 2022,2022,9,13,Tuesday,MATH-1120,11:45am,12:45pm,0.25,1,TRUE,Student_172,FALSE
Fall 2022,2022,9,13,Tuesday,STAT-1222,12:45pm,1:45pm,1,1,FALSE,Student_173,TRUE
Fall 2022,2022,9,17,Saturday,STAT-1220,1:00pm,2:00pm,1,1,FALSE,Student_169,TRUE
Fall 2022,2022,9,17,Saturday,MATH-2241,2:00pm,3:00pm,1,1,FALSE,Student_016,TRUE
Fall 2022,2022,9,17,Saturday,STAT-3128,3:00pm,4:00pm,1,1,FALSE,Student_167,TRUE
Fall 2022,2022,9,19,Monday,MATH-2171,2:00pm,3:00pm,1,1,FALSE,Student_174,TRUE
Fall 2022,2022,9,19,Monday,MATH-2171,4:00pm,5:00pm,1,1,FALSE,Student_162,TRUE
Fall 2022,2022,9,20,Tuesday,STAT-1222,11:45am,12:45pm,1.25,1,TRUE,Student_175,TRUE
Fall 2022,2022,9,20,Tuesday,MATH-1120,12:45pm,1:45pm,1,1,FALSE,Student_176,TRUE
Fall 2022,2022,9,24,Saturday,MATH-2241,1:00pm,2:00pm,1,1,FALSE,Student_177,TRUE
Fall 2022,2022,9,24,Saturday,STAT-1220,2:00pm,3:00pm,1,1,FALSE,Student_169,TRUE
Fall 2022,2022,9,24,Saturday,STAT-1220,3:00pm,4:00pm,1,1,FALSE,Student_178,TRUE
Fall 2022,2022,9,26,Monday,MATH-1120,2:00pm,3:00pm,1,1,FALSE,Student_179,TRUE
Fall 2022,2022,9,26,Monday,MATH-1120,3:00pm,4:00pm,1,1,FALSE,Student_180,TRUE
Fall 2022,2022,9,26,Monday,MATH-1242,4:00pm,5:00pm,1,1,FALSE,Student_181,TRUE
Fall 2022,2022,10,1,Saturday,STAT-1220,1:00pm,2:00pm,1,1,FALSE,Student_169,TRUE
Fall 2022,2022,10,3,Monday,MATH-1242,4:00pm,5:00pm,1,1,FALSE,Student_128,TRUE
Fall 2022,2022,10,4,Tuesday,MATH-1241,11:45am,12:45pm,1,1,FALSE,Student_182,TRUE
Fall 2022,2022,10,4,Tuesday,MATH-1120,12:45pm,1:45pm,1,1,FALSE,Student_176,TRUE
Fall 2022,2022,10,15,Saturday,STAT-1220,1:00pm,2:00pm,1,1,FALSE,Student_169,TRUE
Fall 2022,2022,10,15,Saturday,PHIL-2105,2:00pm,3:00pm,1,1,FALSE,Student_183,FALSE
Fall 2022,2022,10,15,Saturday,PHIL-2105,3:00pm,4:00pm,0.25,1,TRUE,Student_183,FALSE
Fall 2022,2022,10,17,Monday,MATH-2241,2:00pm,3:00pm,1.5,1,TRUE,Student_184,TRUE
Fall 2022,2022,10,17,Monday,MATH-1120,2:00pm,3:00pm,0,1,TRUE,Student_185,TRUE
Fall 2022,2022,10,17,Monday,MATH-2241,2:00pm,3:00pm,0,1,TRUE,Student_186,TRUE
Fall 2022,2022,10,17,Monday,MATH-1241,3:00pm,4:00pm,1,1,FALSE,Student_187,TRUE
Fall 2022,2022,10,17,Monday,MATH-2241,3:00pm,4:00pm,0,1,TRUE,Student_188,TRUE
Fall 2022,2022,10,17,Monday,MATH-2241,3:00pm,4:00pm,0,1,TRUE,Student_112,TRUE
Fall 2022,2022,10,17,Monday,MATH-2241,4:00pm,5:00pm,1,1,FALSE,Student_188,TRUE
Fall 2022,2022,10,18,Tuesday,MATH-1120,11:45am,12:45pm,0,1,TRUE,Student_179,FALSE
Fall 2022,2022,10,18,Tuesday,MATH-1120,11:45am,12:45pm,1.25,1,TRUE,Student_189,TRUE
Fall 2022,2022,10,18,Tuesday,MATH-1120,11:45am,12:45pm,0,1,TRUE,Student_190,TRUE
Fall 2022,2022,10,18,Tuesday,MATH-1120,12:45pm,1:45pm,0,1,TRUE,Student_191,TRUE
Fall 2022,2022,10,18,Tuesday,MATH-1120,12:45pm,1:45pm,1,1,FALSE,Student_176,TRUE
Fall 2022,2022,10,18,Tuesday,MATH-1120,12:45pm,1:45pm,0,1,TRUE,Student_192,TRUE
Fall 2022,2022,10,22,Saturday,STAT-1220,1:00pm,2:00pm,1,1,FALSE,Student_169,TRUE
Fall 2022,2022,10,22,Saturday,STAT-1221,3:00pm,4:00pm,1,1,FALSE,Student_193,TRUE
Fall 2022,2022,10,24,Monday,MATH-2171,2:00pm,3:00pm,1,1,FALSE,Student_194,TRUE
Fall 2022,2022,10,25,Tuesday,PHIL-2105,11:45am,12:45pm,0.25,1,TRUE,Student_195,FALSE
Fall 2022,2022,10,29,Saturday,STAT-1220,1:00pm,2:00pm,1,1,FALSE,Student_169,TRUE
Fall 2022,2022,10,29,Saturday,MATH-3163,2:00pm,3:00pm,1,1,FALSE,Student_171,TRUE
Fall 2022,2022,10,29,Saturday,MATH-1241,3:00pm,4:00pm,0.25,1,TRUE,Student_196,FALSE
Fall 2022,2022,10,31,Monday,STAT-1221,2:00pm,3:00pm,1.5,1,TRUE,Student_193,TRUE
Fall 2022,2022,10,31,Monday,STAT-1222,3:00pm,4:00pm,1,1,FALSE,Student_175,TRUE
Fall 2022,2022,10,31,Monday,MATH-1242,4:00pm,5:00pm,1,1,FALSE,Student_197,TRUE
Fall 2022,2022,10,31,Monday,MATH-1242,4:00pm,5:00pm,0,1,TRUE,Student_128,TRUE
Fall 2022,2022,11,1,Tuesday,MATH-1241,11:45am,12:45pm,1.25,1,TRUE,Student_198,TRUE
Fall 2022,2022,11,1,Tuesday,MATH-1241,11:45am,12:45pm,0,1,TRUE,Student_199,TRUE
Fall 2022,2022,11,1,Tuesday,MATH-1120,12:45pm,1:45pm,1,1,FALSE,Student_176,TRUE
Fall 2022,2022,11,5,Saturday,STAT-1220,1:00pm,2:00pm,1,1,FALSE,Student_169,TRUE
Fall 2022,2022,11,5,Saturday,MATH-2241,2:00pm,3:00pm,1,1,FALSE,Student_200,TRUE
Fall 2022,2022,11,5,Saturday,PHIL-2105,3:00pm,4:00pm,1,1,FALSE,Student_201,TRUE
Fall 2022,2022,11,7,Monday,MATH-1120,2:00pm,3:00pm,2,1,TRUE,Student_179,TRUE
Fall 2022,2022,11,7,Monday,PHIL-2105,4:00pm,5:00pm,1,1,FALSE,Student_202,TRUE
Fall 2022,2022,11,8,Tuesday,STAT-1220,11:45am,12:45pm,1,1,FALSE,Student_203,TRUE
Fall 2022,2022,11,8,Tuesday,MATH-1120,12:45pm,1:45pm,1,1,FALSE,Student_176,TRUE
Fall 2022,2022,11,13,Sunday,STAT-1220,12:00pm,1:00pm,1,1,FALSE,Student_169,TRUE
Fall 2022,2022,11,13,Sunday,STAT-1222,1:00pm,2:00pm,1,1,FALSE,Student_204,TRUE
Fall 2022,2022,11,14,Monday,STAT-1220,2:00pm,3:00pm,1.25,1,TRUE,Student_205,TRUE
Fall 2022,2022,11,15,Tuesday,STAT-1221,11:45am,12:45pm,1,1,FALSE,Student_206,TRUE
Fall 2022,2022,11,15,Tuesday,MATH-1120,12:45pm,1:45pm,1,1,FALSE,Student_176,TRUE
Fall 2022,2022,11,19,Saturday,STAT-1220,1:00pm,2:00pm,2,1,TRUE,Student_169,FALSE
Fall 2022,2022,11,19,Saturday,STAT-1220,3:00pm,4:00pm,1,1,FALSE,Student_207,TRUE
Fall 2022,2022,11,21,Monday,STAT-1220,2:00pm,3:00pm,1,1,FALSE,Student_208,FALSE
Fall 2022,2022,11,21,Monday,MATH-1241,3:00pm,4:00pm,1,1,FALSE,Student_198,TRUE
Fall 2022,2022,11,21,Monday,STAT-1222,4:00pm,5:00pm,0.25,1,TRUE,Student_209,FALSE
Fall 2022,2022,11,22,Tuesday,MATH-1120,12:45pm,1:45pm,1,1,FALSE,Student_176,TRUE
Fall 2022,2022,11,28,Monday,STAT-1222,2:00pm,3:00pm,2,1,TRUE,Student_209,FALSE
Fall 2022,2022,11,28,Monday,STAT-1221,4:00pm,5:00pm,1,1,FALSE,Student_210,TRUE
Fall 2022,2022,11,28,Monday,STAT-1221,4:00pm,5:00pm,0,1,TRUE,Student_193,TRUE
Fall 2022,2022,11,29,Tuesday,STAT-1220,11:30am,12:30pm,1.25,1,TRUE,Student_211,FALSE
Fall 2022,2022,11,29,Tuesday,MATH-1120,12:45pm,1:45pm,1,1,FALSE,Student_176,TRUE
Fall 2022,2022,12,3,Saturday,MATH-1242,1:00pm,2:00pm,1,1,FALSE,Student_212,TRUE
Fall 2022,2022,12,3,Saturday,STAT-1222,2:00pm,3:00pm,0,1,TRUE,Student_213,TRUE
Fall 2022,2022,12,3,Saturday,STAT-1222,2:00pm,3:00pm,1,1,FALSE,Student_214,TRUE
Fall 2022,2022,12,3,Saturday,STAT-1222,3:00pm,4:00pm,1,1,FALSE,Student_166,TRUE
Fall 2022,2022,12,5,Monday,MATH-1120,2:00pm,3:00pm,1,1,FALSE,Student_179,FALSE
Fall 2022,2022,12,5,Monday,STAT-1220,3:00pm,4:00pm,1,1,FALSE,Student_215,TRUE
Fall 2022,2022,12,5,Monday,STAT-1221,4:00pm,5:00pm,1,1,FALSE,Student_216,TRUE
Fall 2022,2022,12,6,Tuesday,STAT-1220,11:30am,12:30pm,1.25,1,TRUE,Student_203,FALSE
Fall 2022,2022,12,6,Tuesday,MATH-1120,12:45pm,1:45pm,1,1,FALSE,Student_176,TRUE
